YEAR,GEO,AB,BC,MN,NB,NFLD,NS,ON,PEI,QC,SK,perCapGas_avg,perCapGas,RealGasPrice,gas_price,excise_real,PIT,CIT,lPIT,lCIT,RealGasPriceBC,cTaxBC,excise_realBC,lPITBC,lCITBC,cTaxRealCent,Tax_ad_val,Inc_Nom_Ann,Inc_Real_Ann,sm_sh_car,sm_sh_all
1990,Alberta,1,0,0,0,0,0,0,0,0,0,202.9258424,2435.110109,72.13711753,72.13711753,8.440042751,2941,855,3.468495025,2.931966115,0,0,0,0,0,0,0.117,16883.27286,22571.2204,0.481716767,0.408747882
1991,Alberta,1,0,0,0,0,0,0,0,0,0,181.6480121,2179.776146,63.60828085,63.60828085,10.55897462,3072,745,3.487421211,2.872156273,0,0,0,0,0,0,0.166,17313.92822,21778.52606,0.510058723,0.42197815
1992,Alberta,1,0,0,0,0,0,0,0,0,0,181.1883715,2174.260458,57.84189038,57.84189038,11.22132673,2859,575,3.456214155,2.759667845,0,0,0,0,0,0,0.194,17522.50185,21767.08305,0.481408341,0.383494232
1993,Alberta,1,0,0,0,0,0,0,0,0,0,178.2632652,2139.159182,58.0885716,58.0885716,11.0368286,2812,754,3.449015316,2.877371346,0,0,0,0,0,0,0.19,17965.78702,22098.13902,0.44720408,0.346475905
1994,Alberta,1,0,0,0,0,0,0,0,0,0,182.9888145,2195.865774,57.39083819,57.39083819,10.96165009,3148,1057,3.498034724,3.024074987,0,0,0,0,0,0,0.191,17848.58658,21660.90604,0.424190169,0.319114509
1995,Alberta,1,0,0,0,0,0,0,0,0,0,178.9299444,2147.159333,59.13797117,59.13797117,10.64483481,3223,1277,3.508260306,3.106190897,0,0,0,0,0,0,0.18,18301.93902,21710.4852,0.381746752,0.288216181
1996,Alberta,1,0,0,0,0,0,0,0,0,0,179.2798623,2151.358348,59.83570916,59.83570916,10.4712491,3666,1703,3.564192461,3.231214648,0,0,0,0,0,0,0.175,18506.86075,21469.67605,0.390358958,0.285314747
1997,Alberta,1,0,0,0,0,0,0,0,0,0,183.1496733,2197.79608,60.30166154,60.30166154,10.1909808,4151,1964,3.618152733,3.293141483,0,0,0,0,0,0,0.169,19612.36081,22211.05414,0.413091444,0.298471583
1998,Alberta,1,0,0,0,0,0,0,0,0,0,185.6994255,2228.393106,54.80878765,54.80878765,10.08481693,4573,1312,3.660201201,3.117933835,0,0,0,0,0,0,0.184,20376.56266,22716.34633,0.407014174,0.295696216
1999,Alberta,1,0,0,0,0,0,0,0,0,0,183.6696633,2204.035959,57.58531872,57.58531872,9.90467482,4704,1483,3.672467313,3.171141151,0,0,0,0,0,0,0.172,20945.29331,22966.33039,0.401099179,0.293095165
2000,Alberta,1,0,0,0,0,0,0,0,0,0,178.9202347,2147.042817,67.70964135,67.70964135,9.54705943,5080,2729,3.705863712,3.436003536,0,0,0,0,0,0,0.141,22565.09058,23929.04622,0.413255994,0.306545809
2001,Alberta,1,0,0,0,0,0,0,0,0,0,186.3558833,2236.2706,66.64676062,66.64676062,9.397193247,4357,1961,3.63918756,3.292477594,0,0,0,0,0,0,0.141,24700.64751,24824.77137,0.458399687,0.349426585
2002,Alberta,1,0,0,0,0,0,0,0,0,0,181.9490958,2183.38915,64.53479185,64.53479185,9.034870859,4428,2133,3.646207612,3.328990855,0,0,0,0,0,0,0.14,25036.40881,25061.47028,0.4595701,0.354754542
2003,Alberta,1,0,0,0,0,0,0,0,0,0,174.1015957,2089.219149,63.50290718,63.50290718,8.636395377,4515,1604,3.654657755,3.205204364,0,0,0,0,0,0,0.136,25740.43569,24584.94335,0.457387762,0.356334938
2004,Alberta,1,0,0,0,0,0,0,0,0,0,174.647633,2095.771596,70.62268721,70.62268721,8.545345152,4907,2109,3.690816058,3.32407658,0,0,0,0,0,0,0.121,27645.25443,25812.56249,0.487967495,0.387389728
2005,Alberta,1,0,0,0,0,0,0,0,0,0,171.6176545,2059.411854,79.32666996,79.32666996,8.408627016,5777,2623,3.761702368,3.418798291,0,0,0,0,0,0,0.106,29663.175,27516.85993,0.503695559,0.191964764
2006,Alberta,1,0,0,0,0,0,0,0,0,0,172.4133851,2068.960621,82.12353566,82.12353566,8.13023003,6859,3217,3.836260803,3.507451061,0,0,0,0,0,0,0.099,32863.106,29394.5492,0.504778692,0.185093006
2007,Alberta,1,0,0,0,0,0,0,0,0,0,173.6510834,2083.813001,83.48492511,83.48492511,7.68061311,7667,3546,3.884625463,3.549738731,0,0,0,0,0,0,0.092,34748.28842,29249.40103,0.541950678,0.191272379
2008,Alberta,1,0,0,0,0,0,0,0,0,0,167.2024443,2006.429332,91.21240806,91.21240806,7.570629869,8121,3842,3.90960951,3.584557361,0,0,0,0,0,0,0.083,37330.95829,30105.61152,0.563329571,0.215309952
2009,Alberta,1,0,0,0,0,0,0,0,0,0,158.2174883,1898.60986,73.09449736,73.09449736,7.455638731,7231,3923,3.859198362,3.593618308,0,0,0,0,0,0,0.102,36233.08991,29699.25403,0.568523134,0.194217943
2010,Alberta,1,0,0,0,0,0,0,0,0,0,161.3771224,1936.525468,75.72656781,75.72656781,7.345477078,NA,NA,NA,NA,0,0,0,0,0,0,0.097,37884.90398,30876.04236,0.531647558,0.152258006
2011,Alberta,1,0,0,0,0,0,0,0,0,0,173.2921096,2079.505315,88.6269349,88.6269349,7.178781727,NA,NA,NA,NA,0,0,0,0,0,0,0.081,NA,NA,0.547763521,0.13410478
1990,BC,0,1,0,0,0,0,0,0,0,0,116.7327591,1400.79311,78.3187428,78.3187428,11.90444891,4089,609,3.611617111,2.784617293,78.3187428,0,11.90444891,3.611617111,2.784617293,0,0.152,17003.07189,21659.96419,0.523568197,0.457735349
1991,BC,0,1,0,0,0,0,0,0,0,0,115.4488557,1385.386268,69.99190715,69.99190715,12.10859994,4214,601,3.624694531,2.778874472,69.99190715,0,12.10859994,3.624694531,2.778874472,0,0.173,17309.33221,20904.9906,0.539444198,0.464558414
1992,BC,0,1,0,0,0,0,0,0,0,0,115.5909197,1387.091036,63.42803289,63.42803289,11.73418608,4263,656,3.629715333,2.816903839,63.42803289,0,11.73418608,3.629715333,2.816903839,0,0.185,17454.15276,20607.02805,0.483860673,0.403827374
1993,BC,0,1,0,0,0,0,0,0,0,0,118.4958918,1421.950702,62.36056547,62.36056547,11.66142574,4263,849,3.629715333,2.92890769,62.36056547,0,11.66142574,3.629715333,2.92890769,0,0.187,17801.86626,20344.99001,0.464864306,0.374852734
1994,BC,0,1,0,0,0,0,0,0,0,0,119.7358731,1436.830477,62.08236544,62.08236544,12.29230836,4877,1036,3.688152756,3.015359755,62.08236544,0,12.29230836,3.688152756,3.015359755,0,0.198,17968.34939,20121.33191,0.421430641,0.330096129
1995,BC,0,1,0,0,0,0,0,0,0,0,118.5076519,1422.091823,63.79433626,63.79433626,11.99333522,5065,1071,3.70457945,3.029789471,63.79433626,0,11.99333522,3.70457945,3.029789471,0,0.188,18299.93726,19978.09744,0.384950956,0.303769799
1996,BC,0,1,0,0,0,0,0,0,0,0,117.7086036,1412.503244,64.12599061,64.12599061,11.92743425,5575,1068,3.746244872,3.028571253,64.12599061,0,11.92743425,3.746244872,3.028571253,0,0.186,18221.27616,19698.67693,0.414976398,0.32349104
1997,BC,0,1,0,0,0,0,0,0,0,0,120.9103724,1450.924469,63.19192526,63.19192526,11.81689002,5675,1063,3.753965866,3.026533265,63.19192526,0,11.81689002,3.753965866,3.026533265,0,0.187,18483.84598,19811.19612,0.4464631,0.338660392
1998,BC,0,1,0,0,0,0,0,0,0,0,124.5222179,1494.266614,54.16315035,54.16315035,11.80756678,5796,967,3.763128377,2.985426474,54.16315035,0,11.80756678,3.763128377,2.985426474,0,0.218,18675.84475,19931.53121,0.458487155,0.348045208
1999,BC,0,1,0,0,0,0,0,0,0,0,122.5901506,1471.081807,57.47657577,57.47657577,11.78269803,6036,1320,3.780749231,3.120573931,57.47657577,0,11.78269803,3.780749231,3.120573931,0,0.205,19298.12097,20399.70504,0.467031736,0.352054983
2000,BC,0,1,0,0,0,0,0,0,0,0,120.0154714,1440.185657,71.83944621,71.83944621,11.49431139,6464,1420,3.810501348,3.152288344,71.83944621,0,11.49431139,3.810501348,3.152288344,0,0.16,20276.38931,21121.23887,0.48295006,0.374686345
2001,BC,0,1,0,0,0,0,0,0,0,0,116.1922669,1394.307203,70.53587847,70.53587847,11.28574055,5140,865,3.710963119,2.937016107,70.53587847,0,11.28574055,3.710963119,2.937016107,0,0.16,20933.87474,21209.59954,0.528490266,0.421975686
2002,BC,0,1,0,0,0,0,0,0,0,0,115.1162255,1381.394706,70.39261895,70.39261895,11.12203379,4633,841,3.6658623,2.924795996,70.39261895,0,11.12203379,3.6658623,2.924795996,0,0.158,21617.89947,21553.23975,0.518772709,0.424566665
2003,BC,0,1,0,0,0,0,0,0,0,0,116.0582346,1392.698815,75.11612082,75.11612082,13.67113399,4780,993,3.679427897,2.996949248,75.11612082,0,13.67113399,3.679427897,2.996949248,0,0.182,22197.04269,21761.80656,0.521264563,0.434209925
2004,BC,0,1,0,0,0,0,0,0,0,0,121.5318378,1458.382054,82.41983215,82.41983215,14.01137146,5180,1283,3.71432976,3.108226656,82.41983215,0,14.01137146,3.71432976,3.108226656,0,0.17,23321.06749,22231.71353,0.556567222,0.470246972
2005,BC,0,1,0,0,0,0,0,0,0,0,113.657724,1363.892688,91.31247493,91.31247493,13.69687124,5738,1286,3.758760544,3.109240969,91.31247493,0,13.69687124,3.758760544,3.109240969,0,0.15,24213.51758,22757.06539,0.574780659,0.294648728
2006,BC,0,1,0,0,0,0,0,0,0,0,110.5691497,1326.829796,95.96827553,95.96827553,13.53152685,6471,1784,3.8109714,3.25139485,95.96827553,0,13.53152685,3.8109714,3.25139485,0,0.141,26108.61584,24018.96581,0.586302609,0.303460165
2007,BC,0,1,0,0,0,0,0,0,0,0,109.6579767,1315.895721,98.29011456,98.29011456,13.26916547,6730,1581,3.828015064,3.19893187,98.29011456,0,13.26916547,3.828015064,3.19893187,0,0.135,27286.78458,24738.69862,0.606571266,0.299669229
2008,BC,0,1,0,0,0,0,0,0,0,0,105.1796157,1262.155389,107.8541667,106.7931667,13.2660625,6188,1725,3.791550305,3.236789099,107.8541667,1.061,13.2660625,3.791550305,3.236789099,1.061,0.123,28480.30598,25070.69189,0.630739388,0.328763719
2009,BC,0,1,0,0,0,0,0,0,0,0,105.453803,1265.445636,92.56227654,90.16577654,12.95871872,5747,1673,3.759441197,3.223495941,92.56227654,2.3965,12.95871872,3.759441197,3.223495941,2.3965,0.14,28278.58717,25069.66947,0.633732047,0.302049587
2010,BC,0,1,0,0,0,0,0,0,0,0,104.9202256,1259.042707,101.2567723,98.07827232,12.35332622,5529,1317,3.74264659,3.119585775,101.2567723,3.1785,12.35332622,3.74264659,3.119585775,3.1785,0.122,29174.72648,25727.27203,0.625117039,0.272463449
2011,BC,0,1,0,0,0,0,0,0,0,0,100.0401907,1200.482289,113.6442811,109.4852811,12.0462938,5361,1658,3.729245807,3.219584526,113.6442811,4.159,12.0462938,3.729245807,3.219584526,4.159,0.106,NA,NA,0.61812183,0.256154362
1990,Manitoba,0,0,1,0,0,0,0,0,0,0,137.0887437,1645.064925,72.54420538,72.54420538,11.89724968,1074,173,3.031004281,2.238046103,0,0,0,0,0,0,0.164,15711.66099,20673.23814,0.481982751,0.414890943
1991,Manitoba,0,0,1,0,0,0,0,0,0,0,140.7054237,1688.465085,65.96797234,65.96797234,12.4019788,1078,124,3.032618761,2.093421685,0,0,0,0,0,0,0.188,15799.33021,19724.50713,0.532937306,0.453722917
1992,Manitoba,0,0,1,0,0,0,0,0,0,0,140.6230303,1687.476363,60.94381143,60.94381143,12.98103183,1069,103,3.028977705,2.012837225,0,0,0,0,0,0,0.213,16022.44652,19756.40755,0.508753967,0.412621964
1993,Manitoba,0,0,1,0,0,0,0,0,0,0,138.5883755,1663.060506,62.46288236,62.46288236,13.42951971,1060,133,3.025305865,2.123851641,0,0,0,0,0,0,0.215,16039.46966,19255.06562,0.476620825,0.374877263
1994,Manitoba,0,0,1,0,0,0,0,0,0,0,139.736702,1676.840424,61.77749606,61.77749606,13.65282663,1209,167,3.082426301,2.222716471,0,0,0,0,0,0,0.221,16264.70091,19316.74692,0.467889908,0.359815282
1995,Manitoba,0,0,1,0,0,0,0,0,0,0,142.4679733,1709.61568,62.91541665,62.91541665,13.27515291,1240,191,3.093421685,2.281033367,0,0,0,0,0,0,0.211,16742.68255,19266.60823,0.444080515,0.343878257
1996,Manitoba,0,0,1,0,0,0,0,0,0,0,138.8244933,1665.893919,64.04546341,64.04546341,13.00122907,1321,210,3.120902818,2.322219295,0,0,0,0,0,0,0.203,17239.52474,19457.70286,0.474859689,0.357214363
1997,Manitoba,0,0,1,0,0,0,0,0,0,0,135.8673705,1630.408446,63.29135009,63.29135009,12.72156137,1575,252,3.197280558,2.401400541,0,0,0,0,0,0,0.201,17194.36542,18936.5258,0.47419284,0.343817183
1998,Manitoba,0,0,1,0,0,0,0,0,0,0,137.4103744,1648.924492,58.06953455,58.06953455,12.54301946,1590,288,3.201397124,2.459392488,0,0,0,0,0,0,0.216,18030.06447,19619.2214,0.48438834,0.353572223
1999,Manitoba,0,0,1,0,0,0,0,0,0,0,140.2797176,1683.356611,61.14290876,61.14290876,12.35086757,1647,339,3.216693599,2.530199698,0,0,0,0,0,0,0.202,18497.99728,19762.81761,0.476599967,0.346449752
2000,Manitoba,0,0,1,0,0,0,0,0,0,0,138.7823318,1665.387981,69.49288112,69.49288112,12.02226843,1784,391,3.25139485,2.592176757,0,0,0,0,0,0,0.173,19264.14152,20129.71946,0.486872483,0.358277361
2001,Manitoba,0,0,1,0,0,0,0,0,0,0,136.7038584,1640.446301,65.98328435,65.98328435,11.8110079,1672,249,3.223236273,2.396199347,0,0,0,0,0,0,0.179,19952.42475,19992.40957,0.525106512,0.39302255
2002,Manitoba,0,0,1,0,0,0,0,0,0,0,137.4935998,1649.923198,63.14304591,63.14304591,11.5551774,1771,259,3.248218561,2.413299764,0,0,0,0,0,0,0.183,20471.84322,20390.28209,0.519684689,0.392419962
2003,Manitoba,0,0,1,0,0,0,0,0,0,0,138.6427686,1663.713223,66.36576668,66.36576668,11.3485461,1752,311,3.243534102,2.492760389,0,0,0,0,0,0,0.171,20996.39205,20686.10054,0.523397956,0.397858439
2004,Manitoba,0,0,1,0,0,0,0,0,0,0,141.3580007,1696.296009,73.86547745,73.86547745,11.1536871,1823,310,3.260786669,2.491361694,0,0,0,0,0,0,0.151,21927.18603,21003.05175,0.556247199,0.429631909
2005,Manitoba,0,0,1,0,0,0,0,0,0,0,131.4724834,1577.669801,84.38382498,84.38382498,10.88551342,1995,299,3.2999429,2.475671188,0,0,0,0,0,0,0.129,22441.63418,21032.4594,0.569006077,0.262515263
2006,Manitoba,0,0,1,0,0,0,0,0,0,0,138.7765061,1665.318073,88.84438939,88.84438939,10.66132673,2113,348,3.324899497,2.541579244,0,0,0,0,0,0,0.12,23780.62737,21757.2071,0.568414677,0.259045428
2007,Manitoba,0,0,1,0,0,0,0,0,0,0,142.8995958,1714.79515,92.10591952,92.10591952,10.40796891,2334,326,3.368100852,2.5132176,0,0,0,0,0,0,0.113,25112.31126,22481.92592,0.595320538,0.266402515
2008,Manitoba,0,0,1,0,0,0,0,0,0,0,133.2596089,1599.115306,102.050876,102.050876,10.40918935,2426,333,3.384890797,2.522444234,0,0,0,0,0,0,0.102,26550.48582,23208.46663,0.64952645,0.304386421
2009,Manitoba,0,0,1,0,0,0,0,0,0,0,133.2793569,1599.352283,82.74222422,82.74222422,10.09455135,2362,370,3.373279893,2.568201724,0,0,0,0,0,0,0.122,26888.49828,23360.98895,0.662818746,0.269429205
2010,Manitoba,0,0,1,0,0,0,0,0,0,0,144.8920677,1738.704812,84.73884626,84.73884626,9.999183858,NA,NA,NA,NA,0,0,0,0,0,0,0.118,27645.22675,24060.24956,0.642682298,0.226621238
2011,Manitoba,0,0,1,0,0,0,0,0,0,0,142.2195792,1706.634951,96.76123092,96.76123092,9.772884323,NA,NA,NA,NA,0,0,0,0,0,0,0.101,NA,NA,0.634234348,0.214622338
1990,NB,0,0,0,1,0,0,0,0,0,0,NA,NA,NA,NA,NA,675,70,2.829303773,1.84509804,0,0,0,0,0,0,NA,13691.70823,NA,0.610527257,0.559187352
1991,NB,0,0,0,1,0,0,0,0,0,0,NA,NA,NA,NA,NA,693,72,2.840733235,1.857332496,0,0,0,0,0,0,NA,14158.35197,NA,0.644890822,0.583962647
1992,NB,0,0,0,1,0,0,0,0,0,0,138.9625892,277.9251785,65.95536293,65.95536293,12.66342968,675,107,2.829303773,2.029383778,0,0,0,0,0,0,0.192,14544.43867,NA,0.616227319,0.539845758
1993,NB,0,0,0,1,0,0,0,0,0,0,137.8232421,1653.878905,64.1211281,64.1211281,12.50361998,670,114,2.826074803,2.056904851,0,0,0,0,0,0,0.195,14895.59462,17421.7481,0.61293461,0.513205282
1994,NB,0,0,0,1,0,0,0,0,0,0,141.1212674,1693.455209,62.45675764,62.45675764,12.49135153,775,153,2.889301703,2.184691431,0,0,0,0,0,0,0.2,15033.62504,17583.18718,0.583076754,0.480690781
1995,NB,0,0,0,1,0,0,0,0,0,0,135.844713,1630.136557,64.2464539,64.2464539,12.2710727,785,155,2.894869657,2.190331698,0,0,0,0,0,0,0.191,15591.0635,17798.0177,0.515679649,0.426045646
1996,NB,0,0,0,1,0,0,0,0,0,0,140.3365566,1684.038679,62.31082213,62.31082213,12.08829949,841,140,2.924795996,2.146128036,0,0,0,0,0,0,0.194,15703.18025,17783.89609,0.501351266,0.396116794
1997,NB,0,0,0,1,0,0,0,0,0,0,140.5805395,1686.966474,66.751618,66.751618,11.881788,835,154,2.921686475,2.187520721,0,0,0,0,0,0,0.178,15991.79281,17828.08563,0.521814911,0.396606983
1998,NB,0,0,0,1,0,0,0,0,0,0,143.0172008,1716.20641,61.06708517,61.06708517,11.84701452,871,141,2.940018155,2.149219113,0,0,0,0,0,0,0.194,16760.15616,18519.50956,0.519608373,0.39117156
1999,NB,0,0,0,1,0,0,0,0,0,0,144.7302064,1736.762477,64.15718979,64.15718979,11.74076573,923,178,2.965201701,2.250420002,0,0,0,0,0,0,0.183,17571.2529,19099.18794,0.510330974,0.390342052
2000,NB,0,0,0,1,0,0,0,0,0,0,141.8170027,1701.804032,77.04437416,77.04437416,11.24847863,974,202,2.988558957,2.305351369,0,0,0,0,0,0,0.146,18294.05596,19196.28118,0.549805521,0.420542776
2001,NB,0,0,0,1,0,0,0,0,0,0,143.2522839,1719.027407,72.35909383,72.35909383,11.36037773,923,148,2.965201701,2.170261715,0,0,0,0,0,0,0.157,18894.34663,19378.81706,0.559025732,0.435101666
2002,NB,0,0,0,1,0,0,0,0,0,0,146.8991164,1762.789397,72.44988417,72.44988417,13.18587892,966,126,2.984977126,2.100370545,0,0,0,0,0,0,0.182,19323.90359,19323.90359,0.534732134,0.41590497
2003,NB,0,0,0,1,0,0,0,0,0,0,148.0503476,1776.604171,76.1664348,76.1664348,14.09079044,967,130,2.985426474,2.113943352,0,0,0,0,0,0,0.185,20052.33597,19468.28735,0.551750227,0.444674797
2004,NB,0,0,0,1,0,0,0,0,0,0,148.9456654,1787.347985,83.86136655,83.86136655,13.83712548,1014,138,3.006037955,2.139879086,0,0,0,0,0,0,0.165,21088.40905,20026.97915,0.623919864,0.518952573
2005,NB,0,0,0,1,0,0,0,0,0,0,145.5557035,1746.668443,91.10975808,91.10975808,13.57535395,1079,195,3.033021445,2.290034611,0,0,0,0,0,0,0.149,21796.62014,20389.72885,0.660078193,0.370180888
2006,NB,0,0,0,1,0,0,0,0,0,0,144.8165347,1737.798416,93.49951745,93.49951745,12.43543582,1130,166,3.053078443,2.220108088,0,0,0,0,0,0,0.133,22804.87183,20731.70167,0.650776454,0.370662043
2007,NB,0,0,0,1,0,0,0,0,0,0,145.4081411,1744.897694,91.15123434,91.15123434,9.66203084,1258,157,3.099680641,2.195899652,0,0,0,0,0,0,0.106,23885.50197,21307.31665,0.669360167,0.364373254
2008,NB,0,0,0,1,0,0,0,0,0,0,148.1759236,1778.111083,100.3340983,100.3340983,9.73240753,1339,211,3.126780577,2.324282455,0,0,0,0,0,0,0.097,25226.80025,22032.13995,0.709386859,0.405854348
2009,NB,0,0,0,1,0,0,0,0,0,0,132.9809438,1595.771325,80.4610588,80.4610588,9.494404939,1248,252,3.096214585,2.401400541,0,0,0,0,0,0,0.118,26067.25752,22766.16378,0.721203655,0.361264177
2010,NB,0,0,0,1,0,0,0,0,0,0,140.5887201,1687.064641,86.1897386,86.1897386,9.22230203,NA,NA,NA,NA,0,0,0,0,0,0,0.107,27090.82166,23414.7119,0.707239177,0.316852146
2011,NB,0,0,0,1,0,0,0,0,0,0,166.6265261,1999.518313,101.3495197,101.3495197,8.918757737,NA,NA,NA,NA,0,0,0,0,0,0,0.088,NA,NA,0.705710991,0.303531807
1990,NFLD,0,0,0,0,1,0,0,0,0,0,113.3707065,1360.448478,77.3188022,77.3188022,13.9947032,461,56,2.663700925,1.748188027,0,0,0,0,0,0,0.181,12569.1067,15930.42675,0.722192115,0.677448052
1991,NFLD,0,0,0,0,1,0,0,0,0,0,109.6433794,1315.720553,75.43474716,75.43474716,16.06760115,476,46,2.677606953,1.662757832,0,0,0,0,0,0,0.213,13075.26689,15418.9468,0.754382105,0.704617071
1992,NFLD,0,0,0,0,1,0,0,0,0,0,110.0709426,1320.851311,71.27055969,71.27055969,16.03587593,469,39,2.671172843,1.591064607,0,0,0,0,0,0,0.225,13359.55829,15625.21437,0.743097146,0.686745256
1993,NFLD,0,0,0,0,1,0,0,0,0,0,110.7341898,1328.810278,65.6812317,65.6812317,18.12801995,486,48,2.686636269,1.681241237,0,0,0,0,0,0,0.276,13697.09488,15798.264,0.736412214,0.666367341
1994,NFLD,0,0,0,0,1,0,0,0,0,0,110.1025914,1321.231097,66.70020422,66.70020422,18.67605718,546,58,2.737192643,1.763427994,0,0,0,0,0,0,0.28,13943.38394,15880.84732,0.720523675,0.635703417
1995,NFLD,0,0,0,0,1,0,0,0,0,0,108.2822248,1299.386698,70.50231821,70.50231821,18.54210969,564,60,2.751279104,1.77815125,0,0,0,0,0,0,0.263,14289.81824,16002.0361,0.664833602,0.580559695
1996,NFLD,0,0,0,0,1,0,0,0,0,0,107.3007402,1287.608882,67.88885052,67.88885052,18.26210079,581,63,2.764176132,1.799340549,0,0,0,0,0,0,0.269,14270.19571,15768.17206,0.647034681,0.560135015
1997,NFLD,0,0,0,0,1,0,0,0,0,0,105.6296343,1267.555612,73.33373558,73.33373558,17.89343148,566,78,2.752816431,1.892094603,0,0,0,0,0,0,0.244,14428.82789,15632.53292,0.631173884,0.524529098
1998,NFLD,0,0,0,0,1,0,0,0,0,0,106.6261149,1279.513379,69.60363592,69.60363592,17.81853079,598,58,2.776701184,1.763427994,0,0,0,0,0,0,0.256,14998.80521,16232.47317,0.655904914,0.542418961
1999,NFLD,0,0,0,0,1,0,0,0,0,0,111.5477891,1338.573469,70.50619339,70.50619339,17.69705454,655,64,2.8162413,1.806179974,0,0,0,0,0,0,0.251,15708.87763,16729.36915,0.635780213,0.515523592
2000,NFLD,0,0,0,0,1,0,0,0,0,0,113.210215,1358.52258,85.87929661,85.87929661,17.08998002,656,119,2.816903839,2.075546961,0,0,0,0,0,0,0.199,16554.09629,17136.74564,0.654867897,0.543232857
2001,NFLD,0,0,0,0,1,0,0,0,0,0,113.8302564,1365.963077,80.96641534,80.96641534,17.00294722,646,84,2.810232518,1.924279286,0,0,0,0,0,0,0.21,17462.49758,17728.42394,0.65335803,0.551540422
2002,NFLD,0,0,0,0,1,0,0,0,0,0,116.4443522,1397.332226,76.97334775,76.97334775,16.54926977,696,81,2.84260924,1.908485019,0,0,0,0,0,0,0.215,18056.67034,17984.73142,0.649685878,0.538762104
2003,NFLD,0,0,0,0,1,0,0,0,0,0,117.8172655,1413.807186,80.49850355,80.49850355,16.01920221,724,104,2.859738566,2.017033339,0,0,0,0,0,0,0.199,18847.87472,18370.24827,0.639804726,0.536835856
2004,NFLD,0,0,0,0,1,0,0,0,0,0,113.7972011,1365.566413,87.42875677,87.42875677,15.82460498,759,149,2.880241776,2.173186268,0,0,0,0,0,0,0.181,19449.33491,18505.55177,0.645577845,0.551783979
2005,NFLD,0,0,0,0,1,0,0,0,0,0,117.6034724,1411.241669,94.87455137,94.87455137,15.46455187,809,153,2.907948522,2.184691431,0,0,0,0,0,0,0.163,20108.36705,18688.07346,0.693936264,0.381189724
2006,NFLD,0,0,0,0,1,0,0,0,0,0,115.5066109,1386.079331,98.17603567,98.17603567,15.11910949,860,214,2.934498451,2.330413773,0,0,0,0,0,0,0.154,25415.77424,23021.53464,0.701689424,0.379838811
2007,NFLD,0,0,0,0,1,0,0,0,0,0,136.367739,1636.412868,99.83018662,99.83018662,14.87469781,896,265,2.95230801,2.423245874,0,0,0,0,0,0,0.149,24920.06975,22269.94616,0.703359829,0.376326793
2008,NFLD,0,0,0,0,1,0,0,0,0,0,146.7548207,1761.057848,108.0529278,108.0529278,14.69519818,876,326,2.942504106,2.5132176,0,0,0,0,0,0,0.136,24442.79434,21180.93097,0.739431616,0.399660789
2009,NFLD,0,0,0,0,1,0,0,0,0,0,138.531939,1662.383267,89.20831743,89.20831743,14.45174742,840,280,2.924279286,2.447158031,0,0,0,0,0,0,0.162,26335.23431,22741.99854,0.766590715,0.377515955
2010,NFLD,0,0,0,0,1,0,0,0,0,0,141.2340505,1694.808605,94.41917382,94.41917382,14.0684569,NA,NA,NA,NA,0,0,0,0,0,0,0.149,27401.76146,23380.34254,0.779010666,0.34458518
2011,NFLD,0,0,0,0,1,0,0,0,0,0,160.312035,1923.74442,106.4820657,106.4820657,13.62970441,NA,NA,NA,NA,0,0,0,0,0,0,0.128,NA,NA,0.779930851,0.317003824
1990,NS,0,0,0,0,0,1,0,0,0,0,NA,NA,NA,NA,NA,940,96,2.973127854,1.982271233,0,0,0,0,0,0,NA,14599.3579,NA,0.593024481,0.55616312
1991,NS,0,0,0,0,0,1,0,0,0,0,NA,NA,NA,NA,NA,960,67,2.982271233,1.826074803,0,0,0,0,0,0,NA,15043.13261,NA,0.623640059,0.579936259
1992,NS,0,0,0,0,0,1,0,0,0,0,130.6926316,1306.926316,69.54537098,69.54537098,14.81316402,922,70,2.964730921,1.84509804,0,0,0,0,0,0,0.213,15351.55218,18341.1615,0.587624686,0.541797518
1993,NS,0,0,0,0,0,1,0,0,0,0,130.3279037,1563.934845,60.00433976,60.00433976,13.62098513,880,82,2.944482672,1.913813852,0,0,0,0,0,0,0.227,15638.71526,18551.26366,0.592367556,0.536990229
1994,NS,0,0,0,0,0,1,0,0,0,0,132.4346552,1589.215862,60.79578579,60.79578579,15.3813338,955,101,2.980003372,2.004321374,0,0,0,0,0,0,0.253,15641.87465,18380.58126,0.564304235,0.4942842
1995,NS,0,0,0,0,0,1,0,0,0,0,134.9462391,1619.35487,62.66360995,62.66360995,15.60323888,938,123,2.972202838,2.089905111,0,0,0,0,0,0,0.249,15952.67853,18357.5127,0.51917433,0.451640356
1996,NS,0,0,0,0,0,1,0,0,0,0,132.3302699,1587.963239,62.09919692,62.09919692,15.40060084,1007,124,3.003029471,2.093421685,0,0,0,0,0,0,0.248,15903.11459,17989.94863,0.51133891,0.439416604
1997,NS,0,0,0,0,0,1,0,0,0,0,131.1733252,1574.079902,67.35227128,67.35227128,15.01955649,1020,138,3.008600172,2.139879086,0,0,0,0,0,0,0.223,16481.08863,18353.10538,0.499417458,0.414589688
1998,NS,0,0,0,0,0,1,0,0,0,0,134.7304812,1616.765775,63.04949159,63.04949159,14.94272951,1109,151,3.044931546,2.178976947,0,0,0,0,0,0,0.237,17218.69514,19026.18247,0.510997946,0.422226937
1999,NS,0,0,0,0,0,1,0,0,0,0,140.3605714,1684.326857,65.92903158,65.92903158,14.76810307,1221,190,3.086715664,2.278753601,0,0,0,0,0,0,0.224,18020.22738,19608.51728,0.516986063,0.423625981
2000,NS,0,0,0,0,0,1,0,0,0,0,137.2161013,1646.593216,79.77092274,79.77092274,14.19922425,1306,254,3.115943177,2.404833717,0,0,0,0,0,0,0.178,18768.05084,19673.00926,0.527743856,0.439322702
2001,NS,0,0,0,0,0,1,0,0,0,0,134.1918879,1610.302655,75.00544586,75.00544586,14.02601838,1322,179,3.121231455,2.252853031,0,0,0,0,0,0,0.187,19439.02863,19896.65161,0.569440738,0.483460642
2002,NS,0,0,0,0,0,1,0,0,0,0,135.3691849,1624.430219,73.29311898,73.29311898,15.02508939,1411,195,3.149527014,2.290034611,0,0,0,0,0,0,0.205,19971.87211,19912.1357,0.558588336,0.472833935
2003,NS,0,0,0,0,0,1,0,0,0,0,137.0745703,1644.894844,75.37855848,75.37855848,15.0757117,1421,291,3.152594078,2.463892989,0,0,0,0,0,0,0.2,20482.32996,19847.21896,0.535706274,0.455812178
2004,NS,0,0,0,0,0,1,0,0,0,0,139.1697489,1670.036986,83.10189352,83.10189352,14.79213705,1435,281,3.156851901,2.44870632,0,0,0,0,0,0,0.178,21382.2793,20248.37055,0.585384615,0.503256952
2005,NS,0,0,0,0,0,1,0,0,0,0,134.5018788,1614.022546,90.4181512,90.4181512,14.46690419,1540,291,3.187520721,2.463892989,0,0,0,0,0,0,0.16,22366.01236,20766.9567,0.603893404,0.352095914
2006,NS,0,0,0,0,0,1,0,0,0,0,135.6844192,1628.213031,93.83441136,93.83441136,14.16899612,1629,357,3.211921084,2.552668216,0,0,0,0,0,0,0.151,23345.1669,21031.68189,0.610263038,0.3734023
2007,NS,0,0,0,0,0,1,0,0,0,0,128.6338847,1543.606617,94.90682673,94.90682673,13.8563967,1736,309,3.239549721,2.489958479,0,0,0,0,0,0,0.146,24476.54078,21660.65555,0.657681753,0.391133697
2008,NS,0,0,0,0,0,1,0,0,0,0,134.4554647,1613.465576,101.9909317,101.9909317,13.76877578,1819,307,3.259832699,2.487138375,0,0,0,0,0,0,0.135,25477.7206,21627.94618,0.685511276,0.430022092
2009,NS,0,0,0,0,0,1,0,0,0,0,120.8180657,1449.816788,83.10747335,83.10747335,13.46341068,1791,396,3.253095586,2.597695186,0,0,0,0,0,0,0.162,26165.24849,22459.44077,0.709433113,0.403187658
2010,NS,0,0,0,0,0,1,0,0,0,0,124.9507024,1499.408428,89.49135334,89.49135334,13.15522894,NA,NA,NA,NA,0,0,0,0,0,0,0.147,27308.13603,23280.59337,0.702731004,0.361401922
2011,NS,0,0,0,0,0,1,0,0,0,0,137.677942,1652.135304,102.3576836,102.3576836,12.69235277,NA,NA,NA,NA,0,0,0,0,0,0,0.124,NA,NA,0.718250559,0.371379065
1990,Ontario,0,0,0,0,0,0,1,0,0,0,130.9504756,1571.405708,70.6549563,70.6549563,14.41361108,14136,3143,4.150326536,3.497344381,0,0,0,0,0,0,0.204,18170.36253,23117.50958,0.49639311,0.435129496
1991,Ontario,0,0,0,0,0,0,1,0,0,0,125.8608512,1510.330215,65.32557535,65.32557535,15.22085906,14167,2237,4.151277894,3.349665984,0,0,0,0,0,0,0.233,18474.46669,22312.15784,0.512332246,0.4399929
1992,Ontario,0,0,0,0,0,0,1,0,0,0,124.2504225,1491.005071,62.97886915,62.97886915,17.69706223,13439,1808,4.128366954,3.257198426,0,0,0,0,0,0,0.281,18697.14028,22445.54656,0.472218887,0.388124785
1993,Ontario,0,0,0,0,0,0,1,0,0,0,125.1075395,1501.290474,60.38752035,60.38752035,17.39160586,14041,2211,4.147398039,3.344588743,0,0,0,0,0,0,0.288,18701.99152,22106.37295,0.463847968,0.368965245
1994,Ontario,0,0,0,0,0,0,1,0,0,0,126.3685456,1516.422547,58.81933095,58.81933095,17.35170263,15730,2976,4.196728723,3.473632927,0,0,0,0,0,0,0.295,18672.36102,22149.89444,0.424875632,0.333733912
1995,Ontario,0,0,0,0,0,0,1,0,0,0,124.6950665,1496.340798,60.28258496,60.28258496,16.93940637,16097,3951,4.206744944,3.59670703,0,0,0,0,0,0,0.281,19111.39048,21967.11549,0.400145563,0.311712969
1996,Ontario,0,0,0,0,0,0,1,0,0,0,123.9937865,1487.925438,63.66319425,63.66319425,16.67975689,17593,4596,4.245339903,3.66238002,0,0,0,0,0,0,0.262,19018.30233,21611.7072,0.402910115,0.303877588
1997,Ontario,0,0,0,0,0,0,1,0,0,0,126.6859389,1520.231267,62.5127493,62.5127493,16.37834032,17179,5863,4.23499788,3.768119894,0,0,0,0,0,0,0.262,19629.57345,21834.89817,0.413576267,0.305471
1998,Ontario,0,0,0,0,0,0,1,0,0,0,128.5085151,1542.102182,56.92678811,56.92678811,16.22413461,17183,5949,4.23509899,3.774443969,0,0,0,0,0,0,0.285,20364.59758,22477.48077,0.413927252,0.307242639
1999,Ontario,0,0,0,0,0,0,1,0,0,0,132.2035973,1586.443168,62.15854334,62.15854334,16.03690418,18386,7048,4.264487256,3.848065895,0,0,0,0,0,0,0.258,21220.43582,22990.72137,0.430187082,0.318858733
2000,Ontario,0,0,0,0,0,0,1,0,0,0,131.6903948,1580.284737,74.44159789,74.44159789,15.48385236,18012,7688,4.255561938,3.885813375,0,0,0,0,0,0,0.208,22709.01433,23828.97621,0.4592379,0.345801626
2001,Ontario,0,0,0,0,0,0,1,0,0,0,130.4464033,1565.35684,69.13776462,69.13776462,15.07203269,19132,5805,4.281760372,3.763802224,0,0,0,0,0,0,0.218,23082.69134,23386.71868,0.476625178,0.36427493
2002,Ontario,0,0,0,0,0,0,1,0,0,0,131.5112947,1578.135536,67.27577528,67.27577528,14.73339479,19153,5210,4.282236809,3.716837723,0,0,0,0,0,0,0.219,23501.39099,23548.48797,0.468691939,0.360985524
2003,Ontario,0,0,0,0,0,0,1,0,0,0,131.7267793,1580.721351,69.08390376,69.08390376,14.36945198,19716,5283,4.294818809,3.722880611,0,0,0,0,0,0,0.208,24010.49217,23470.66683,0.469277808,0.365648369
2004,Ontario,0,0,0,0,0,0,1,0,0,0,132.7143422,1592.572107,73.28057595,73.28057595,14.06987058,21782,6698,4.338097754,3.825945143,0,0,0,0,0,0,0.192,24888.46584,23748.53611,0.492551852,0.381862176
2005,Ontario,0,0,0,0,0,0,1,0,0,0,131.3673475,1576.408171,83.24629203,83.24629203,13.81888448,24772,7663,4.393961071,3.884398826,0,0,0,0,0,0,0.166,25535.34028,23909.49464,0.502623637,0.264975401
2006,Ontario,0,0,0,0,0,0,1,0,0,0,127.8013468,1533.616162,85.85961346,85.85961346,13.65167854,26371,8388,4.421126599,3.923658422,0,0,0,0,0,0,0.159,26888.48769,24600.62918,0.49871394,0.269183703
2007,Ontario,0,0,0,0,0,0,1,0,0,0,127.8206195,1533.847434,87.86569034,87.86569034,13.35558493,28444,7970,4.45399067,3.901458321,0,0,0,0,0,0,0.152,27833.5616,25052.71071,0.520433676,0.274429771
2008,Ontario,0,0,0,0,0,0,1,0,0,0,125.0813678,1500.976413,97.24452927,97.24452927,13.32250051,28674,7704,4.457488281,3.886716274,0,0,0,0,0,0,0.137,28609.76679,25052.3352,0.562787884,0.308648481
2009,Ontario,0,0,0,0,0,0,1,0,0,0,127.9982769,1535.979322,80.54000284,80.54000284,12.96694046,26940,7895,4.430397591,3.897352134,0,0,0,0,0,0,0.161,28778.76972,25200.32375,0.574865627,0.290417598
2010,Ontario,0,0,0,0,0,0,1,0,0,0,132.0468934,1584.562721,87.46572724,87.46572724,12.68253045,NA,NA,NA,NA,0,0,0,0,0,0,0.145,29893.42665,25770.19539,0.56232755,0.254120067
2011,Ontario,0,0,0,0,0,0,1,0,0,0,127.5090116,1530.108139,103.3294897,103.3294897,12.29620927,NA,NA,NA,NA,0,0,0,0,0,0,0.119,NA,NA,0.582353542,0.261739525
1990,PEI,0,0,0,0,0,0,0,1,0,0,161.2642989,1935.171586,73.68145012,73.68145012,13.26266102,104,12,2.017033339,1.079181246,0,0,0,0,0,0,0.18,13910.61624,17765.79341,0.594683393,0.547579758
1991,PEI,0,0,0,0,0,0,0,1,0,0,155.7004547,1868.405457,75.13280943,75.13280943,14.65089784,108,13,2.033423755,1.113943352,0,0,0,0,0,0,0.195,14466.62934,17160.88889,0.644295302,0.594136808
1992,PEI,0,0,0,0,0,0,0,1,0,0,152.4367388,1829.240866,71.53446854,71.53446854,13.73461796,110,14,2.041392685,1.146128036,0,0,0,0,0,0,0.192,14630.00757,17252.36741,0.629216257,0.569088604
1993,PEI,0,0,0,0,0,0,0,1,0,0,151.1603867,1813.924641,65.56705403,65.56705403,12.85114259,105,15,2.021189299,1.176091259,0,0,0,0,0,0,0.196,15282.53781,17688.12246,0.6091718,0.537115269
1994,PEI,0,0,0,0,0,0,0,1,0,0,154.7608233,1857.129879,63.66767513,63.66767513,13.49754713,118,16,2.071882007,1.204119983,0,0,0,0,0,0,0.212,14965.86404,17402.16749,0.622414943,0.54340071
1995,PEI,0,0,0,0,0,0,0,1,0,0,154.5286143,1854.343372,67.57102713,67.57102713,13.64934748,121,19,2.08278537,1.278753601,0,0,0,0,0,0,0.202,15340.54979,17492.07502,0.55210728,0.47985348
1996,PEI,0,0,0,0,0,0,0,1,0,0,156.985822,1883.829864,66.17930587,66.17930587,13.43439909,133,21,2.123851641,1.322219295,0,0,0,0,0,0,0.203,15250.0792,17001.20312,0.51432029,0.436943112
1997,PEI,0,0,0,0,0,0,0,1,0,0,157.8662169,1894.394603,66.99556319,66.99556319,14.13606383,133,20,2.123851641,1.301029996,0,0,0,0,0,0,0.211,15562.65844,17215.33013,0.52605364,0.428259513
1998,PEI,0,0,0,0,0,0,0,1,0,0,162.9803712,1955.764454,59.52673793,59.52673793,14.46499732,147,24,2.167317335,1.380211242,0,0,0,0,0,0,0.243,15868.45748,17670.88807,0.561052218,0.450788644
1999,PEI,0,0,0,0,0,0,0,1,0,0,171.4230667,2057.076801,58.00498268,58.00498268,14.32723072,151,27,2.178976947,1.431363764,0,0,0,0,0,0,0.247,16627.40954,18312.12505,0.500935979,0.398688915
2000,PEI,0,0,0,0,0,0,0,1,0,0,166.3347467,1996.016961,73.81342324,73.81342324,13.72929672,159,29,2.201397124,1.462397998,0,0,0,0,0,0,0.186,17732.83506,18666.14216,0.576296296,0.451538015
2001,PEI,0,0,0,0,0,0,0,1,0,0,163.4459443,1961.351332,73.82783605,73.82783605,13.36283833,156,21,2.193124598,1.322219295,0,0,0,0,0,0,0.181,18051.70383,18401.32908,0.62851711,0.516401125
2002,PEI,0,0,0,0,0,0,0,1,0,0,171.4684992,2057.621991,68.12498936,68.12498936,13.89749783,167,20,2.222716471,1.301029996,0,0,0,0,0,0,0.204,19039.13031,19058.1885,0.610163711,0.498884551
2003,PEI,0,0,0,0,0,0,0,1,0,0,172.1399384,2065.679261,71.45505734,71.45505734,13.57646089,169,29,2.227886705,1.462397998,0,0,0,0,0,0,0.19,19202.60019,18607.17072,0.618634478,0.507582792
2004,PEI,0,0,0,0,0,0,0,1,0,0,176.8671748,2122.406097,79.40379482,79.40379482,15.3249324,179,32,2.252853031,1.505149978,0,0,0,0,0,0,0.193,19785.87097,18630.76363,0.697403086,0.580695707
2005,PEI,0,0,0,0,0,0,0,1,0,0,175.2880498,2103.456598,88.1781178,88.1781178,17.90015791,190,39,2.278753601,1.591064607,0,0,0,0,0,0,0.203,20557.02437,18876.97371,0.731318499,0.439608704
2006,PEI,0,0,0,0,0,0,0,1,0,0,172.8557347,2074.268817,92.29878495,92.29878495,18.73665334,207,39,2.315970345,1.591064607,0,0,0,0,0,0,0.203,21621.2297,19253.09857,0.712216003,0.440529532
2007,PEI,0,0,0,0,0,0,0,1,0,0,175.46908,2105.62896,91.68789034,91.68789034,15.67862925,218,40,2.338456494,1.602059991,0,0,0,0,0,0,0.171,22546.15991,19759.99993,0.717330862,0.440273038
2008,PEI,0,0,0,0,0,0,0,1,0,0,174.8025917,2097.6311,97.28501729,97.28501729,13.61990242,229,27,2.359835482,1.431363764,0,0,0,0,0,0,0.14,23272.97212,19475.29048,0.754107812,0.47702407
2009,PEI,0,0,0,0,0,0,0,1,0,0,155.0845837,1861.015005,79.45923367,79.45923367,12.95185509,227,38,2.356025857,1.579783597,0,0,0,0,0,0,0.163,23941.53761,20203.82921,0.785456928,0.455114823
2010,PEI,0,0,0,0,0,0,0,1,0,0,160.8270668,1929.924802,84.6857772,84.6857772,13.21098124,NA,NA,NA,NA,0,0,0,0,0,0,0.156,24645.21078,20675.5124,0.79702169,0.402814136
2011,PEI,0,0,0,0,0,0,0,1,0,0,171.3634699,2056.361639,96.92122827,96.92122827,12.89052336,NA,NA,NA,NA,0,0,0,0,0,0,0.133,NA,NA,0.785984198,0.383249581
1990,Quebec,0,0,0,0,0,0,0,0,1,0,110.6653068,1327.983681,79.25136809,79.25136809,18.22781466,12003,1211,4.079289806,3.083144143,0,0,0,0,0,0,0.23,15024.32619,19042.23852,0.629105783,0.573464291
1991,Quebec,0,0,0,0,0,0,0,0,1,0,103.7630287,1245.156345,75.6871309,75.6871309,13.77505782,12200,1072,4.086359831,3.030194785,0,0,0,0,0,0,0.182,15361.95227,18009.3227,0.643428113,0.580712079
1992,Quebec,0,0,0,0,0,0,0,0,1,0,106.218743,1274.624916,69.56606253,69.56606253,16.76542107,12283,1033,4.089304452,3.014100322,0,0,0,0,0,0,0.241,15506.86989,17927.01722,0.620452382,0.542403599
1993,Quebec,0,0,0,0,0,0,0,0,1,0,108.8471613,1306.165936,65.47088649,65.47088649,16.56413428,12542,1188,4.098366796,3.074816441,0,0,0,0,0,0,0.253,15837.54824,18079.39297,0.611847329,0.515262379
1994,Quebec,0,0,0,0,0,0,0,0,1,0,111.0541368,1332.649642,63.7369231,63.7369231,17.33644308,12948,1348,4.112202691,3.129689892,0,0,0,0,0,0,0.272,15934.31291,18442.4918,0.59402482,0.497275406
1995,Quebec,0,0,0,0,0,0,0,0,1,0,110.771014,1329.252168,64.49918075,64.49918075,17.28578044,13292,1673,4.123590333,3.223495941,0,0,0,0,0,0,0.268,16295.66855,18454.89077,0.580269791,0.479817635
1996,Quebec,0,0,0,0,0,0,0,0,1,0,111.7902238,1341.482685,67.64372267,67.64372267,16.97857439,13786,1844,4.139438274,3.265760917,0,0,0,0,0,0,0.251,16539.35471,18417.98965,0.574664146,0.464864299
1997,Quebec,0,0,0,0,0,0,0,0,1,0,111.2574194,1335.089033,68.2314119,68.2314119,16.78492733,14446,2201,4.159747611,3.342620043,0,0,0,0,0,0,0.246,16769.28155,18407.55384,0.591369335,0.473941823
1998,Quebec,0,0,0,0,0,0,0,0,1,0,113.3621509,1360.345811,61.10417488,61.10417488,16.49812722,15506,2225,4.19049978,3.347330015,0,0,0,0,0,0,0.27,17199.44051,18614.11311,0.614287716,0.495556811
1999,Quebec,0,0,0,0,0,0,0,0,1,0,114.6487768,1375.785322,67.37996215,67.37996215,16.3733308,16347,2617,4.213438063,3.417803723,0,0,0,0,0,0,0.243,17898.61059,19122.44721,0.617585409,0.495112742
2000,Quebec,0,0,0,0,0,0,0,0,1,0,113.0005738,1356.006886,80.55223806,80.55223806,15.94934314,17784,3133,4.25002945,3.495960395,0,0,0,0,0,0,0.198,18915.3088,19662.48316,0.641276459,0.527336023
2001,Quebec,0,0,0,0,0,0,0,0,1,0,113.2483777,1358.980533,75.23060536,75.23060536,15.64796591,17698,2511,4.247924191,3.399846713,0,0,0,0,0,0,0.208,19672.59172,19992.47126,0.661046952,0.55218927
2002,Quebec,0,0,0,0,0,0,0,0,1,0,115.9208065,1391.049678,71.32469008,71.32469008,15.26348368,16503,2349,4.2175629,3.370883017,0,0,0,0,0,0,0.214,20409.81707,20471.23077,0.656250445,0.555554886
2003,Quebec,0,0,0,0,0,0,0,0,1,0,118.2511525,1419.013829,74.77467635,74.77467635,14.88016059,16868,2958,4.227063592,3.47099817,0,0,0,0,0,0,0.199,21216.46234,20739.45488,0.662079812,0.572290563
2004,Quebec,0,0,0,0,0,0,0,0,1,0,118.2607665,1419.129198,82.0493336,82.0493336,14.60478138,17915,3094,4.253216813,3.490520309,0,0,0,0,0,0,0.178,22000.07458,20992.43757,0.675671842,0.584958458
2005,Quebec,0,0,0,0,0,0,0,0,1,0,116.3170256,1395.804307,90.09619014,90.09619014,14.32529423,19153,3412,4.282236809,3.533009022,0,0,0,0,0,0,0.159,22601.03027,21162.01336,0.6901473,0.457018739
2006,Quebec,0,0,0,0,0,0,0,0,1,0,113.8785047,1366.542056,92.66974425,92.66974425,14.08580113,21159,3653,4.325495139,3.562649672,0,0,0,0,0,0,0.152,23482.90361,21524.20129,0.688593363,0.453619967
2007,Quebec,0,0,0,0,0,0,0,0,1,0,118.9960874,1427.953049,94.47677672,93.82677672,13.7936094,22550,3477,4.353146546,3.541204691,0,0,0,0,0,0.65,0.146,24690.19852,22303.70237,0.70097784,0.449873948
2008,Quebec,0,0,0,0,0,0,0,0,1,0,113.0108783,1356.13054,105.2646846,104.6256846,13.89493836,21961,4106,4.341652112,3.613418945,0,0,0,0,0,0.639,0.132,25751.10619,22568.89236,0.738754031,0.487056619
2009,Quebec,0,0,0,0,0,0,0,0,1,0,113.9586736,1367.504083,86.17659817,85.54159817,13.44354931,21036,4904,4.322963162,3.690550462,0,0,0,0,0,0.635,0.156,25847.0445,22613.33727,0.747356199,0.47402526
2010,Quebec,0,0,0,0,0,0,0,0,1,0,113.0091927,1356.110312,93.91990318,93.29290318,13.24270635,NA,NA,NA,NA,0,0,0,0,0,0.627,0.141,26641.73438,23207.0857,0.734856601,0.416212361
2011,Quebec,0,0,0,0,0,0,0,0,1,0,113.3417789,1360.101347,110.2960982,109.6870982,12.90464349,NA,NA,NA,NA,0,0,0,0,0,0.609,0.117,NA,NA,0.744092592,0.417583605
1990,Saskatchewan,0,0,0,0,0,0,0,0,0,1,188.6555493,2263.866592,71.91753924,71.91753924,13.16090968,1023,116,3.009875634,2.064457989,0,0,0,0,0,0,0.183,14233.02144,18752.33392,0.425843216,0.361721612
1991,Saskatchewan,0,0,0,0,0,0,0,0,0,1,186.9930252,2243.916302,59.26486083,59.26486083,12.5641505,1053,112,3.022428371,2.049218023,0,0,0,0,0,0,0.212,14495.67324,18074.40553,0.474946136,0.402669789
1992,Saskatchewan,0,0,0,0,0,0,0,0,0,1,187.9939618,2255.927541,61.14677797,61.14677797,14.85866705,1043,102,3.018284308,2.008600172,0,0,0,0,0,0,0.243,14189.31369,17539.32471,0.449149552,0.359345003
1993,Saskatchewan,0,0,0,0,0,0,0,0,0,1,188.8097819,2265.717383,64.33623105,64.33623105,17.43511861,1033,143,3.014100322,2.155336037,0,0,0,0,0,0,0.271,14616.14857,17525.358,0.45629031,0.355340393
1994,Saskatchewan,0,0,0,0,0,0,0,0,0,1,195.919983,2351.039796,65.62849726,65.62849726,17.71969426,1188,196,3.074816441,2.292256071,0,0,0,0,0,0,0.27,14588.31687,17243.87336,0.425240455,0.324348358
1995,Saskatchewan,0,0,0,0,0,0,0,0,0,1,190.070467,2280.845604,66.48406531,66.48406531,17.35234105,1190,207,3.075546961,2.315970345,0,0,0,0,0,0,0.261,15601.65926,17994.99338,0.388654096,0.293572349
1996,Saskatchewan,0,0,0,0,0,0,0,0,0,1,193.4584314,2321.501177,67.28607152,67.28607152,17.09066217,1289,217,3.110252917,2.336459734,0,0,0,0,0,0,0.254,16486.66022,18734.84116,0.396521339,0.298150602
1997,Saskatchewan,0,0,0,0,0,0,0,0,0,1,184.6505964,2215.807157,67.3032765,67.3032765,16.82581912,1376,253,3.138618434,2.403120521,0,0,0,0,0,0,0.25,15747.0955,17673.50785,0.409299372,0.29194766
1998,Saskatchewan,0,0,0,0,0,0,0,0,0,1,186.2867638,2235.441166,61.5531973,61.5531973,16.61936327,1415,226,3.15075644,2.354108439,0,0,0,0,0,0,0.27,16490.19199,18181.02756,0.402381341,0.290132894
1999,Saskatchewan,0,0,0,0,0,0,0,0,0,1,188.659674,2263.916088,65.77517837,65.77517837,16.37801941,1441,232,3.158663981,2.365487985,0,0,0,0,0,0,0.249,17266.22534,18788.05804,0.418265896,0.303642366
2000,Saskatchewan,0,0,0,0,0,0,0,0,0,1,186.5804944,2238.965933,75.92836161,75.92836161,15.94495594,1395,334,3.144574208,2.523746467,0,0,0,0,0,0,0.21,18050.44836,19161.83478,0.451870534,0.331704808
2001,Saskatchewan,0,0,0,0,0,0,0,0,0,1,186.7883074,2241.459689,74.27189208,74.27189208,15.52282545,1317,234,3.119585775,2.369215857,0,0,0,0,0,0,0.209,18489.91373,18809.67826,0.475864739,0.35921668
2002,Saskatchewan,0,0,0,0,0,0,0,0,0,1,188.6111015,2263.333218,72.6113052,72.6113052,15.10315148,1325,231,3.122215878,2.36361198,0,0,0,0,0,0,0.208,19110.13332,19071.98934,0.472818991,0.358760751
2003,Saskatchewan,0,0,0,0,0,0,0,0,0,1,196.5301323,2358.361588,74.26886294,74.26886294,14.70523486,1256,241,3.098989639,2.382017043,0,0,0,0,0,0,0.198,20309.42826,19891.70251,0.497164226,0.380400572
2004,Saskatchewan,0,0,0,0,0,0,0,0,0,1,194.3308805,2331.970566,78.90182826,78.90182826,14.36013274,1302,352,3.114610984,2.546542663,0,0,0,0,0,0,0.182,21948.03333,20902.88888,0.548519966,0.42601529
2005,Saskatchewan,0,0,0,0,0,0,0,0,0,1,195.0137459,2340.164951,86.68303079,86.68303079,14.12933402,1404,451,3.147367108,2.654176542,0,0,0,0,0,0,0.163,22288.11197,20869.0187,0.546926474,0.205851316
2006,Saskatchewan,0,0,0,0,0,0,0,0,0,1,212.4470011,2549.364013,91.31044585,91.31044585,13.87918777,1586,507,3.200303183,2.705007959,0,0,0,0,0,0,0.152,23428.57028,21376.43273,0.538845331,0.197693575
2007,Saskatchewan,0,0,0,0,0,0,0,0,0,1,231.9497704,2783.397245,93.236532,93.236532,13.42606061,1812,438,3.258158193,2.641474111,0,0,0,0,0,0,0.144,25396.47311,22454.88338,0.570211066,0.19412018
2008,Saskatchewan,0,0,0,0,0,0,0,0,0,1,247.2070725,2966.484871,101.2124444,101.2124444,13.25883022,1735,777,3.239299479,2.890421019,0,0,0,0,0,0,0.131,29624.56678,25320.14255,0.623817255,0.233982234
2009,Saskatchewan,0,0,0,0,0,0,0,0,0,1,258.7163594,3104.596313,82.84637828,82.84637828,12.84118863,1689,771,3.22762965,2.887054378,0,0,0,0,0,0,0.155,29490.19989,24949.40769,0.611291324,0.202371704
2010,Saskatchewan,0,0,0,0,0,0,0,0,0,1,269.7350739,3236.820887,85.85275491,85.85275491,12.62035497,NA,NA,NA,NA,0,0,0,0,0,0,0.147,30593.04923,25795.15112,0.590313299,0.158780661
2011,Saskatchewan,0,0,0,0,0,0,0,0,0,1,261.0760088,3132.912106,99.7773627,99.7773627,12.37239297,NA,NA,NA,NA,0,0,0,0,0,0,0.124,NA,NA,0.597254968,0.142983853
